time_s,room_mean_T_C,return_T_C,supply_mass_kg_s,outlet_mass_kg_s
2.000,19.8369,16.6140,-0.2600,0.2608
4.000,19.8432,16.4768,-0.2600,0.2610
6.000,19.8496,16.4796,-0.2600,0.2610
8.000,19.8558,16.5023,-0.2600,0.2610
10.000,19.8618,16.5103,-0.2600,0.2609
12.000,19.8678,16.5105,-0.2600,0.2609
14.000,19.8738,16.5116,-0.2600,0.2610
16.000,19.8798,16.5145,-0.2600,0.2609
18.000,19.8857,16.5465,-0.2600,0.2609
20.000,19.8914,16.5926,-0.2600,0.2609
22.000,19.8968,16.5959,-0.2600,0.2609
24.000,19.9023,16.5998,-0.2600,0.2609
26.000,19.9076,16.6026,-0.2600,0.2608
28.000,19.9130,16.5965,-0.2600,0.2609
30.000,19.9184,16.5883,-0.2600,0.2609
32.000,19.9238,16.5868,-0.2600,0.2609
34.000,19.9292,16.5925,-0.2600,0.2608
36.000,19.9345,16.6007,-0.2600,0.2608
38.000,19.9398,16.6070,-0.2600,0.2608
40.000,19.9451,16.6119,-0.2600,0.2608
42.000,19.9504,16.6150,-0.2600,0.2608
44.000,19.9557,16.6158,-0.2600,0.2608
46.000,19.9610,16.6155,-0.2600,0.2608
48.000,19.9664,16.6164,-0.2600,0.2608
50.000,19.9717,16.6191,-0.2600,0.2608
52.000,19.9770,16.6237,-0.2600,0.2608
54.000,19.9822,16.6304,-0.2600,0.2608
56.000,19.9874,16.6381,-0.2600,0.2608
58.000,19.9926,16.6452,-0.2600,0.2608
60.000,19.9976,16.6504,-0.2600,0.2608
62.000,20.0027,16.6536,-0.2600,0.2608
64.000,20.0077,16.6553,-0.2600,0.2608
66.000,20.0127,16.6566,-0.2600,0.2608
68.000,20.0177,16.6576,-0.2600,0.2608
70.000,20.0226,16.6584,-0.2600,0.2608
72.000,20.0276,16.6592,-0.2600,0.2608
74.000,20.0325,16.6597,-0.2600,0.2608
76.000,20.0374,16.6601,-0.2600,0.2608
78.000,20.0423,16.6603,-0.2600,0.2608
80.000,20.0473,16.6608,-0.2600,0.2608
82.000,20.0522,16.6616,-0.2600,0.2608
84.000,20.0571,16.6628,-0.2600,0.2608
86.000,20.0620,16.6643,-0.2600,0.2608
88.000,20.0669,16.6658,-0.2600,0.2608
90.000,20.0717,16.6670,-0.2600,0.2608
92.000,20.0766,16.6678,-0.2600,0.2608
94.000,20.0814,16.6683,-0.2600,0.2608
96.000,20.0863,16.6689,-0.2600,0.2608
98.000,20.0912,16.6699,-0.2600,0.2608
100.000,20.0960,16.6713,-0.2600,0.2608
102.000,20.1008,16.6732,-0.2600,0.2608
104.000,20.1056,16.6751,-0.2600,0.2608
106.000,20.1104,16.6764,-0.2600,0.2608
108.000,20.1152,16.6771,-0.2600,0.2608
110.000,20.1199,16.6774,-0.2600,0.2608
112.000,20.1246,16.6775,-0.2600,0.2607
114.000,20.1294,16.6779,-0.2600,0.2607
116.000,20.1341,16.6786,-0.2600,0.2607
118.000,20.1388,16.6793,-0.2600,0.2607
120.000,20.1434,16.6799,-0.2600,0.2607
122.000,20.1481,16.6808,-0.2600,0.2607
124.000,20.1527,16.6821,-0.2600,0.2607
126.000,20.1574,16.6836,-0.2600,0.2607
128.000,20.1620,16.6852,-0.2600,0.2607
130.000,20.1665,16.6869,-0.2600,0.2607
132.000,20.1711,16.6888,-0.2600,0.2607
134.000,20.1756,16.6907,-0.2600,0.2607
136.000,20.1802,16.6928,-0.2600,0.2607
138.000,20.1847,16.6948,-0.2600,0.2607
140.000,20.1892,16.6968,-0.2600,0.2607
142.000,20.1936,16.6988,-0.2600,0.2607
144.000,20.1981,16.7007,-0.2600,0.2607
146.000,20.2025,16.7027,-0.2600,0.2607
148.000,20.2070,16.7046,-0.2600,0.2607
150.000,20.2114,16.7064,-0.2600,0.2607
152.000,20.2158,16.7083,-0.2600,0.2607
154.000,20.2202,16.7104,-0.2600,0.2607
156.000,20.2246,16.7127,-0.2600,0.2607
158.000,20.2290,16.7150,-0.2600,0.2607
160.000,20.2334,16.7172,-0.2600,0.2607
162.000,20.2378,16.7192,-0.2600,0.2607
164.000,20.2421,16.7209,-0.2600,0.2607
166.000,20.2465,16.7226,-0.2600,0.2607
168.000,20.2508,16.7242,-0.2600,0.2607
170.000,20.2552,16.7258,-0.2600,0.2607
172.000,20.2595,16.7273,-0.2600,0.2607
174.000,20.2638,16.7286,-0.2600,0.2607
176.000,20.2681,16.7297,-0.2600,0.2607
178.000,20.2724,16.7306,-0.2600,0.2607
180.000,20.2766,16.7314,-0.2600,0.2607
182.000,20.2809,16.7321,-0.2600,0.2607
184.000,20.2852,16.7326,-0.2600,0.2607
186.000,20.2894,16.7330,-0.2600,0.2607
188.000,20.2936,16.7334,-0.2600,0.2607
190.000,20.2979,16.7338,-0.2600,0.2607
192.000,20.3021,16.7343,-0.2600,0.2607
194.000,20.3064,16.7348,-0.2600,0.2607
196.000,20.3106,16.7353,-0.2600,0.2607
198.000,20.3148,16.7359,-0.2600,0.2607
200.000,20.3190,16.7366,-0.2600,0.2607
